case,singlecore_makespan,problem_1_N2_makespan,problem_1_N2_added_bytes,problem_1_N2_speedup,problem_1_N3_makespan,problem_1_N3_added_bytes,problem_1_N3_speedup,problem_1_N4_makespan,problem_1_N4_added_bytes,problem_1_N4_speedup,problem_1_N5_makespan,problem_1_N5_added_bytes,problem_1_N5_speedup,problem_2_N2_makespan,problem_2_N2_added_bytes,problem_2_N2_speedup,problem_2_N3_makespan,problem_2_N3_added_bytes,problem_2_N3_speedup,problem_2_N4_makespan,problem_2_N4_added_bytes,problem_2_N4_speedup,problem_2_N5_makespan,problem_2_N5_added_bytes,problem_2_N5_speedup,problem_3_N2_makespan,problem_3_N2_added_bytes,problem_3_N2_speedup,problem_3_N3_makespan,problem_3_N3_added_bytes,problem_3_N3_speedup,problem_3_N4_makespan,problem_3_N4_added_bytes,problem_3_N4_speedup,problem_3_N5_makespan,problem_3_N5_added_bytes,problem_3_N5_speedup,problem_3_N2_cache_hit,problem_3_N3_cache_hit,problem_3_N4_cache_hit,problem_3_N5_cache_hit
case_001,233110,116868,1152,1.9946,78545,2304,2.9679,58984,3456,3.9521,47502,4608,4.9074,116868,1152,1.9946,78545,2304,2.9679,58984,3456,3.9521,47502,4608,4.9074,116868,1152,1.9946,78545,2304,2.9679,58984,3456,3.9521,47502,4608,4.9074,0.0,0.0,0.0,0.0
case_002,261945,139468,479232,1.8782,94656,55296,2.7673,87716,304128,2.9863,70534,353280,3.7137,131944,49152,1.9853,88883,261120,2.9471,68377,248832,3.8309,59278,248832,4.4189,131944,49152,1.9853,88883,261120,2.9471,68377,248832,3.8309,59278,248832,4.4189,0.0,0.0,0.0,0.0
case_003,602212,544189,1139420,1.1066,543937,1289212,1.1071,548873,488604,1.0972,543689,821526,1.1076,542664,246410,1.1097,596878,431626,1.0089,529466,814814,1.1374,533766,1077276,1.1282,542664,246410,1.1097,596878,431626,1.0089,529466,814814,1.1374,533552,1077276,1.1287,0.1061,0.0851,0.0763,0.1944
case_004,392357,199832,347136,1.9634,134043,221184,2.9271,105089,663552,3.7336,88393,1136640,4.4388,199074,110592,1.9709,134043,221184,2.9271,105580,331776,3.7162,88341,442368,4.4414,199074,110592,1.9709,134043,221184,2.9271,105580,331776,3.7162,88341,442368,4.4414,0.0,0.0,0.0,0.0
case_005,95618,95618,0,1.0,91585,673600,1.044,95302,209484,1.0033,95618,0,1.0,95516,0,1.0011,85737,188262,1.1152,86040,332680,1.1113,94581,23330,1.011,95516,0,1.0011,85736,188262,1.1153,86011,332680,1.1117,94581,23330,1.011,0.0,0.0752,0.095,0.0543
case_006,82837,44816,30224,1.8484,40567,333872,2.042,36236,19856,2.286,34585,316322,2.3952,42464,12300,1.9508,38066,17812,2.1761,32870,110880,2.5201,33319,155872,2.4862,42464,12300,1.9508,38066,17812,2.1761,32870,110880,2.5201,33278,155872,2.4892,0.0221,0.0317,0.0933,0.2024
case_007,1012562,508042,90624,1.9931,388172,705024,2.6085,292738,972288,3.4589,205046,248832,4.9382,507494,27648,1.9952,405798,1313280,2.4952,287180,82944,3.5259,231194,110592,4.3797,507494,27648,1.9952,405798,1313280,2.4952,287180,82944,3.5259,231194,110592,4.3797,0.0,0.1448,0.0,0.0
case_008,487605,245702,0,1.9845,164386,0,2.9662,124396,0,3.9198,102042,0,4.7785,244266,0,1.9962,163359,0,2.9849,123060,0,3.9623,100603,0,4.8468,244266,0,1.9962,163359,0,2.9849,123060,0,3.9623,100603,0,4.8468,0.0,0.0,0.0,0.0
case_009,153261,126698,260924,1.2097,92207,237760,1.6621,92216,241852,1.662,92225,237742,1.6618,112639,52406,1.3606,91271,161938,1.6792,91294,187086,1.6788,90434,281344,1.6947,112639,52406,1.3606,91271,161938,1.6792,91294,187086,1.6788,90437,281344,1.6947,0.0582,0.1475,0.1329,0.1885
case_010,86969,47575,27648,1.828,36571,487394,2.3781,33870,354154,2.5677,33856,710684,2.5688,47478,21312,1.8318,35276,107940,2.4654,32391,52420,2.685,27087,185576,3.2107,47478,21312,1.8318,35276,107940,2.4654,32379,52420,2.686,26666,185576,3.2614,0.0442,0.1982,0.0702,0.2721
case_011,184697,93168,1081344,1.9824,63086,1605632,2.9277,47644,1245184,3.8766,47885,1554432,3.8571,92646,180224,1.9936,63861,1095680,2.8922,46880,540672,3.9398,46389,1509376,3.9815,92646,180224,1.9936,63861,1095680,2.8922,46880,540672,3.9398,43740,1509376,4.2226,0.0,0.5021,0.0,0.4753
case_012,59088,28566,101216,2.0685,23355,166272,2.53,21582,39260,2.7378,20681,34444,2.8571,33761,59288,1.7502,19841,77540,2.9781,15575,232512,3.7938,16168,241682,3.6546,33761,59288,1.7502,19836,77540,2.9788,15575,232512,3.7938,15199,241682,3.8876,0.1009,0.1086,0.1649,0.2042
case_013,263949,132508,40960,1.9919,88898,40960,2.9691,78934,409600,3.3439,68007,106496,3.8812,132198,8192,1.9966,88351,16384,2.9875,74486,24576,3.5436,61358,1040384,4.3018,132198,8192,1.9966,88351,16384,2.9875,74486,24576,3.5436,61347,1040384,4.3026,0.0,0.0,0.0,0.0016
case_014,17698626,8818472,239724388,2.007,6228002,257963212,2.8418,4985070,242673700,3.5503,5040194,286864756,3.5115,8913392,207808460,1.9856,6160351,222777876,2.873,4926911,214364112,3.5922,4407378,238031732,4.0157,8912300,207808460,1.9859,6146115,222777876,2.8796,4906480,214364112,3.6072,4334986,238031732,4.0827,0.0149,0.0553,0.0301,0.054
case_015,177362,98494,1053196,1.8007,68845,370712,2.5763,63366,331032,2.799,65090,951758,2.7249,118983,327512,1.4906,66752,299356,2.657,63750,412820,2.7821,62131,355620,2.8546,118883,327512,1.4919,66620,299356,2.6623,63503,412820,2.793,62011,355620,2.8602,0.2636,0.2048,0.2176,0.1712
case_016,7715523,7715523,0,1.0,7715523,0,1.0,7715523,0,1.0,7715523,0,1.0,7715523,0,1.0,7715523,0,1.0,7715523,0,1.0,7715523,0,1.0,7715523,0,1.0,7715523,0,1.0,7715523,0,1.0,7715523,0,1.0,0.0,0.0,0.0,0.0
case_017,162810,86813,643812,1.8754,63056,263088,2.582,48361,326436,3.3666,41138,143336,3.9577,93720,30720,1.7372,53592,181366,3.038,43135,201396,3.7744,40297,758244,4.0403,93694,30720,1.7377,53523,181366,3.0419,43135,201396,3.7744,40272,758244,4.0428,0.0543,0.1233,0.15,0.2177
case_018,1004367,536122,4341760,1.8734,441187,14916616,2.2765,360863,14746888,2.7832,310073,14916616,3.2391,507048,7033608,1.9808,335384,6685448,2.9947,253788,8398472,3.9575,200216,7388160,5.0164,505173,7033608,1.9882,334859,6685448,2.9994,251653,8398472,3.9911,199911,7388160,5.0241,0.2636,0.295,0.4593,0.435
case_019,81144,40193,213076,2.0189,29596,88896,2.7417,24740,144980,3.2799,23023,42052,3.5245,40677,30244,1.9948,29385,60484,2.7614,22292,97636,3.6401,18842,124808,4.3065,40677,30244,1.9948,29385,60484,2.7614,22292,97636,3.6401,18834,124808,4.3084,0.0125,0.2296,0.0317,0.0652
case_020,532746,266580,0,1.9984,178464,0,2.9852,133704,0,3.9845,107719,0,4.9457,276331,2859008,1.9279,182739,2531328,2.9153,146145,2048000,3.6453,107719,0,4.9457,276331,2859008,1.9279,182739,2531328,2.9153,146145,2048000,3.6453,107719,0,4.9457,0.0,0.0,0.0,0.0
case_021,6567937,3102580,6656000,2.1169,2333726,12128256,2.8144,1552748,6656000,4.2299,1249504,8908800,5.2564,3134777,4177920,2.0952,2124487,29081600,3.0915,1588859,6635520,4.1337,1255772,9912320,5.2302,3134101,4177920,2.0956,2123008,29081600,3.0937,1584951,6635520,4.1439,1255772,9912320,5.2302,0.4389,0.2322,0.4886,0.1629
case_022,56780,29354,0,1.9343,23498,47944,2.4164,18117,71590,3.1341,16383,86976,3.4658,28547,15376,1.989,22334,65420,2.5423,17269,51336,3.288,14157,44916,4.0107,28547,15376,1.989,22334,65420,2.5423,17269,51336,3.288,14157,44916,4.0107,0.0229,0.2276,0.1431,0.1548
case_023,122614,62598,178216,1.9588,43672,84384,2.8076,37093,147456,3.3056,28334,233612,4.3275,60114,102436,2.0397,41855,111176,2.9295,33453,115280,3.6653,30469,382010,4.0242,60114,102436,2.0397,41855,111176,2.9295,33453,115280,3.6653,30469,382010,4.0242,0.1628,0.1482,0.1688,0.1458
case_024,2555343,2555343,0,1.0,2555343,0,1.0,2555343,0,1.0,2555343,0,1.0,2555343,0,1.0,2555343,0,1.0,2555343,0,1.0,2555343,0,1.0,2555343,0,1.0,2555343,0,1.0,2555343,0,1.0,2555343,0,1.0,0.0,0.0,0.0,0.0
case_025,4863026,2923752,21445632,1.6633,1952331,21477888,2.4909,1469109,21497856,3.3102,1179379,21547008,4.1234,2912132,17955840,1.6699,1941780,19631616,2.5044,1456948,20557824,3.3378,1166042,20577792,4.1705,2912132,17955840,1.6699,1941663,19631616,2.5046,1456948,20557824,3.3378,1166042,20577792,4.1705,0.0,0.0012,0.0,0.0
case_026,99203,69820,662008,1.4208,53633,771412,1.8497,50576,811202,1.9615,47284,757386,2.098,83813,82524,1.1836,48630,155412,2.04,45716,232608,2.17,44778,77468,2.2154,83797,82524,1.1838,48630,155412,2.04,45716,232608,2.17,44778,77468,2.2154,0.0718,0.1834,0.2625,0.1189
case_027,2363952,1116984,2211840,2.1164,769575,10002432,3.0718,561212,3317760,4.2122,501147,9111552,4.7171,1120962,1744896,2.1089,753525,5019648,3.1372,559196,1843200,4.2274,482370,15392768,4.9007,1120962,1744896,2.1089,751830,5019648,3.1443,559196,1843200,4.2274,481185,15392768,4.9128,0.089,0.3309,0.0,0.2085
case_028,43836040,22214216,277932624,1.9733,15579069,257733792,2.8138,12130320,276219888,3.6138,9971635,275455896,4.3961,22194701,239744016,1.9751,15133675,241789200,2.8966,11763659,246090264,3.7264,9843875,246188784,4.4531,22463434,239744016,1.9514,14807253,241789200,2.9604,11405581,246090264,3.8434,9396541,246188784,4.6651,0.149,0.3265,0.3518,0.3556
case_029,37555,19023,22564,1.9742,13159,0,2.8539,11451,0,3.2796,10691,0,3.5128,18887,24628,1.9884,12743,0,2.9471,11215,151760,3.3486,10074,123028,3.7279,18887,24628,1.9884,12743,0,2.9471,10582,151760,3.549,9271,123028,4.0508,0.0869,0.0,0.3349,0.2741
case_030,2808034,1429476,51772936,1.9644,1079097,50354184,2.6022,1058362,50131976,2.6532,819373,41259012,3.4271,1436985,37305856,1.9541,1165260,35799560,2.4098,882968,39056388,3.1802,558778,21241856,5.0253,1436692,37305856,1.9545,1164482,35799560,2.4114,872222,39056388,3.2194,558384,21241856,5.0289,0.064,0.0839,0.0981,0.3823
case_031,1414369,748436,4826500,1.8898,667607,21631860,2.1186,610988,22235346,2.3149,412626,19301098,3.4277,805841,13746052,1.7551,586199,13616490,2.4128,497708,14440392,2.8418,312006,10323908,4.5331,803721,13746052,1.7598,583887,13616490,2.4223,495215,14440392,2.8561,311700,10323908,4.5376,0.1374,0.1844,0.2117,0.424
case_032,41443,20693,73920,2.0028,19021,73856,2.1788,19735,170124,2.1,15417,401768,2.6881,21200,18460,1.9549,14330,200902,2.892,15321,16384,2.705,13028,153764,3.1811,21200,18460,1.9549,13911,200902,2.9792,15321,16384,2.705,12446,153764,3.3298,0.0619,0.1808,0.0419,0.2558
case_033,1774196,982516,26319950,1.8058,725416,26952806,2.4458,572696,20297402,3.098,485163,20346554,3.6569,1015763,19682320,1.7467,590077,11003976,3.0067,438621,11993210,4.0449,352556,11745914,5.0324,1015300,19682320,1.7475,588106,11003976,3.0168,438170,11993210,4.0491,352556,11745914,5.0324,0.0897,0.2753,0.3302,0.303
case_034,842996,476546,2061492,1.769,387620,11920162,2.1748,271866,4806854,3.1008,262282,11666210,3.2141,439746,1083008,1.917,277092,6027436,3.0423,206507,5908170,4.0822,172351,7695630,4.8912,439688,1083008,1.9173,275961,6027436,3.0548,206250,5908170,4.0873,163388,7695630,5.1595,0.1919,0.3075,0.2589,0.3484
case_035,169571,122275,363788,1.3868,108025,363788,1.5697,99237,437090,1.7087,101199,363788,1.6756,154053,0,1.1007,100660,199768,1.6846,98493,230098,1.7217,95273,228946,1.7798,154053,0,1.1007,100641,199768,1.6849,98493,230098,1.7217,95273,228946,1.7798,0.0,0.238,0.2633,0.2621
case_036,931510,467772,8064,1.9914,312797,9216,2.978,234468,8064,3.9729,188224,10368,4.9489,466068,1152,1.9987,311345,2304,2.9919,233584,3456,3.9879,187182,4608,4.9765,466068,1152,1.9987,311345,2304,2.9919,233584,3456,3.9879,187182,4608,4.9765,0.0,0.0,0.0,0.0
case_037,210001,106048,1105920,1.9802,72583,1783808,2.8933,54133,1607680,3.8794,44206,1515520,4.7505,105374,368640,1.9929,71032,2181120,2.9564,53320,1105920,3.9385,43013,1515520,4.8823,105374,368640,1.9929,71032,2181120,2.9564,53320,1105920,3.9385,43013,1515520,4.8823,0.4091,0.4549,0.675,0.42
case_038,1364555,719861,24079364,1.8956,571878,24243716,2.3861,599624,23734276,2.2757,451915,22047232,3.0195,691540,13640704,1.9732,521010,14270976,2.6191,443727,15050756,3.0752,453842,16241152,3.0067,690643,13640704,1.9758,519788,14270976,2.6252,441460,15050756,3.091,426656,16241152,3.1983,0.1428,0.2029,0.2368,0.2354
case_039,1435262,696913,14704640,2.0595,694694,13328384,2.066,696913,14704640,2.0595,316542,9805824,4.5342,718297,7958528,1.9981,685448,32743424,2.0939,465990,22892544,3.08,327297,8065024,4.3852,720756,7958528,1.9913,650849,32743424,2.2052,391512,22892544,3.6659,327297,8065024,4.3852,0.2108,0.1163,0.3148,0.0
case_040,253454,148719,313824,1.7042,120210,162862,2.1084,116827,190636,2.1695,122252,88040,2.0732,131983,188928,1.9204,119883,471264,2.1142,115284,459456,2.1985,114163,490758,2.2201,131622,188928,1.9256,119863,471264,2.1145,115151,459456,2.2011,114061,490758,2.2221,0.0578,0.2107,0.2198,0.2307
case_041,6003957,3032955,94289984,1.9796,2215336,101711966,2.7102,2039309,97589328,2.9441,2099628,96301132,2.8595,3052418,77455392,1.967,2103301,79918136,2.8545,1721053,80767036,3.4885,1627255,80340040,3.6896,3050715,77455392,1.968,2089801,79918136,2.873,1696223,80767036,3.5396,1570947,80340040,3.8219,0.0652,0.1208,0.1365,0.108
case_042,1686740,866090,23797210,1.9475,718377,28408442,2.348,628756,23678486,2.6827,580461,15509532,2.9059,840221,15442364,2.0075,630918,18678884,2.6735,510293,20441976,3.3054,456794,21602172,3.6926,839264,15442364,2.0098,626602,18678884,2.6919,493727,20441976,3.4163,400224,21602172,4.2145,0.1177,0.2511,0.3167,0.382
case_043,677656,386132,1620272,1.755,490843,1053378,1.3806,311364,3677944,2.1764,300152,1100322,2.2577,367126,1171448,1.8458,319555,1774806,2.1206,281817,1978736,2.4046,269113,2277340,2.5181,367125,1171448,1.8458,319403,1774806,2.1216,280381,1978736,2.4169,269112,2277340,2.5181,0.1913,0.281,0.3177,0.3656
case_044,154407,112727,2785056,1.3697,110256,2795328,1.4004,112859,2676992,1.3681,109751,3031456,1.4069,88584,3285856,1.7431,100659,2882528,1.534,95278,2885568,1.6206,91151,2764224,1.694,60423,3285856,2.5554,68614,2882528,2.2504,63145,2885568,2.4453,60096,2764224,2.5693,0.638,0.7078,0.6786,0.6935
case_045,125614,62983,0,1.9944,42214,0,2.9756,32106,0,3.9125,25943,0,4.8419,63059,0,1.992,42601,0,2.9486,31961,0,3.9302,26102,0,4.8124,63059,0,1.992,42601,0,2.9486,31961,0,3.9302,26102,0,4.8124,0.0,0.0,0.0,0.0
case_046,276455,150222,2770208,1.8403,128757,3226144,2.1471,122898,4316960,2.2495,118014,2942624,2.3426,139917,1852768,1.9758,114582,3604160,2.4127,106012,4218656,2.6078,113951,4792192,2.4261,133597,1852768,2.0693,90757,3604160,3.0461,93086,4218656,2.9699,100734,4792192,2.7444,0.585,0.702,0.2378,0.2261
case_047,326508,326376,140434,1.0004,325933,127634,1.0018,326372,138002,1.0004,326791,134674,0.9991,325849,65348,1.002,325699,129738,1.0025,324967,278098,1.0047,325905,189136,1.0019,325849,65348,1.002,325699,129738,1.0025,324966,278098,1.0047,325905,189136,1.0019,0.0,0.0291,0.0764,0.0296
case_048,222220,222220,0,1.0,222220,0,1.0,222220,0,1.0,218552,458680,1.0168,221229,5570,1.0045,221264,5636,1.0043,221299,5702,1.0042,221189,5640,1.0047,221229,5570,1.0045,221264,5636,1.0043,221299,5702,1.0042,221187,5640,1.0047,0.0002,0.0002,0.0002,0.0
case_049,196276,160249,181648,1.2248,159026,107306,1.2342,149589,402970,1.3121,147234,390524,1.3331,160383,38694,1.2238,156698,86868,1.2526,153123,76074,1.2818,152419,120216,1.2877,160383,38694,1.2238,156662,86868,1.2529,153123,76074,1.2818,152380,120216,1.2881,0.0119,0.0669,0.0134,0.1038
case_050,149690,115091,429778,1.3006,100723,569618,1.4862,101214,347312,1.4789,96669,894590,1.5485,109163,6796,1.3713,103445,49112,1.447,97201,402046,1.54,97894,281496,1.5291,109163,6796,1.3713,103444,49112,1.4471,97198,402046,1.5401,97892,281496,1.5291,0.017,0.0217,0.0887,0.1859
case_051,607628,607628,0,1.0,607628,0,1.0,607628,0,1.0,601312,294932,1.0105,607628,0,1.0,607628,0,1.0,607628,0,1.0,594687,262164,1.0218,607628,0,1.0,607628,0,1.0,607628,0,1.0,594687,262164,1.0218,0.0,0.0,0.0,0.4
case_052,180301,92280,251516,1.9538,66140,677908,2.7261,56013,277040,3.2189,41006,472112,4.3969,90859,41472,1.9844,59971,606578,3.0065,46944,673894,3.8408,37345,763250,4.828,90859,41472,1.9844,59640,606578,3.0232,45836,673894,3.9336,37034,763250,4.8685,0.0487,0.1727,0.1759,0.189
case_053,1472686,842520,6194302,1.748,644522,3016032,2.2849,528125,7191510,2.7885,558112,11437796,2.6387,847121,5501792,1.7385,644986,5826752,2.2833,500854,5983742,2.9403,604294,6766994,2.437,814088,5501792,1.809,644986,5826752,2.2833,492507,5983742,2.9902,604544,6766994,2.436,0.4466,0.4228,0.5309,0.3128
case_054,815051,532399,793912,1.5309,534835,905148,1.5239,512182,865818,1.5913,540435,1144484,1.5081,808707,137220,1.0078,510123,264362,1.5978,508080,411340,1.6042,504667,1073548,1.615,808707,137220,1.0078,510075,264362,1.5979,508080,411340,1.6042,504666,1073548,1.615,0.0012,0.0319,0.0557,0.0628
case_055,118835,68778,61492,1.7278,46854,202844,2.5363,43937,821062,2.7047,40985,466704,2.8995,59514,86072,1.9968,47806,168504,2.4858,35174,673514,3.3785,30546,654598,3.8904,59514,86072,1.9968,47806,168504,2.4858,34624,673514,3.4322,29865,654598,3.9791,0.0822,0.1402,0.238,0.2812
case_056,277285,268647,564230,1.0322,265733,427208,1.0435,262178,595992,1.0576,232075,857992,1.1948,273410,132232,1.0142,262679,140448,1.0556,264018,170526,1.0503,255922,359802,1.0835,273410,132232,1.0142,262679,140448,1.0556,264018,170526,1.0503,255922,359802,1.0835,0.1469,0.063,0.0909,0.1891
case_057,59726,34326,192652,1.74,22848,34896,2.6141,19492,225908,3.0641,16781,282774,3.5591,33886,98396,1.7626,21885,54812,2.7291,18930,433638,3.1551,15897,254034,3.7571,33886,98396,1.7626,21885,54812,2.7291,17754,433638,3.3641,14680,254034,4.0685,0.2218,0.1302,0.2496,0.3622
case_058,4539717,2514307,122757120,1.8056,1475811,40566784,3.0761,2399676,127946752,1.8918,1035326,44351488,4.3848,2339999,100122624,1.9401,1915842,103829504,2.3696,1926833,106409984,2.3561,1661741,90009600,2.7319,2330935,100122624,1.9476,1836911,103829504,2.4714,1751850,106409984,2.5914,1611476,90009600,2.8171,0.0527,0.083,0.1298,0.0558
case_059,829473,370884,5046272,2.2365,253568,6891520,3.2712,186084,5046272,4.4575,183288,7641088,4.5255,369318,360448,2.246,247261,1769472,3.3546,185216,1081344,4.4784,185251,2883584,4.4776,369318,360448,2.246,247261,1769472,3.3546,185216,1081344,4.4784,185251,2883584,4.4776,0.0,0.4088,0.0,0.437
case_060,888789,489622,19880878,1.8153,545820,20992358,1.6284,531532,19787232,1.6721,306005,14310746,2.9045,481743,11391276,1.8449,374778,12143272,2.3715,298962,11948064,2.9729,360504,12690672,2.4654,480490,11391276,1.8498,373992,12143272,2.3765,292214,11948064,3.0416,341724,12690672,2.6009,0.13,0.1872,0.2114,0.1781
case_061,77191,40869,25344,1.8887,34680,210516,2.2258,26783,141160,2.8821,26677,46848,2.8935,42513,63048,1.8157,30190,44876,2.5568,28123,84964,2.7448,25289,133540,3.0524,42500,63048,1.8163,30190,44876,2.5568,28110,84964,2.746,25289,133540,3.0524,0.0666,0.066,0.107,0.1251
case_062,2854809,1462474,6657024,1.952,993753,6669312,2.8728,755223,6675456,3.7801,626878,6638592,4.554,1446595,3735552,1.9735,959906,3437568,2.9741,732786,3781632,3.8958,610842,4193280,4.6736,1446595,3735552,1.9735,959906,3437568,2.9741,732786,3781632,3.8958,610842,4193280,4.6736,0.0,0.0,0.0,0.0
case_063,1070397,554787,2426880,1.9294,378911,2457600,2.8249,315465,2476032,3.3931,289195,2454528,3.7013,537242,936960,1.9924,360801,1277952,2.9667,287157,1431552,3.7276,280682,2049024,3.8136,537242,936960,1.9924,360801,1277952,2.9667,287157,1431552,3.7276,280682,2049024,3.8136,0.0,0.0,0.0,0.0
case_064,19116,19116,0,1.0,19116,0,1.0,19116,0,1.0,19116,0,1.0,19116,0,1.0,19116,0,1.0,19052,8260,1.0034,15695,66704,1.218,19116,0,1.0,19116,0,1.0,19052,8260,1.0034,15674,66704,1.2196,0.0,0.0,0.0001,0.1683
case_065,53068,26707,99256,1.987,19863,27792,2.6717,16848,61736,3.1498,14681,27648,3.6147,26161,52884,2.0285,19010,64560,2.7916,13843,41472,3.8336,14348,105034,3.6986,26161,52884,2.0285,18512,64560,2.8667,13843,41472,3.8336,14181,105034,3.7422,0.0479,0.1409,0.1216,0.2024
case_066,359070,248711,51042,1.4437,248146,57430,1.447,248870,50980,1.4428,248711,30070,1.4437,248149,0,1.447,249049,64424,1.4418,249804,63032,1.4374,249988,82822,1.4363,248149,0,1.447,249049,64424,1.4418,249666,63032,1.4382,249815,82822,1.4373,0.0,0.023,0.0269,0.0202
case_067,63834834,31998771,213241472,1.9949,21624907,215617664,2.9519,16569263,217609984,3.8526,13445244,224564480,4.7478,31930334,209085440,1.9992,21684994,213908992,2.9437,16406490,214323712,3.8908,13770389,211917312,4.6357,32437955,209085440,1.9679,21516122,213908992,2.9668,16158701,214323712,3.9505,13715894,211917312,4.6541,0.0934,0.0542,0.1275,0.0737
case_068,362095,319473,369444,1.1334,313240,369444,1.156,312234,369444,1.1597,311141,369444,1.1638,356405,177526,1.016,303121,168386,1.1946,303877,227664,1.1916,306708,269504,1.1806,356405,177526,1.016,303112,168386,1.1946,303861,227664,1.1916,306704,269504,1.1806,0.0,0.0314,0.0448,0.0525
case_069,25144,21022,124998,1.1961,20982,114344,1.1984,20464,156110,1.2287,20633,105126,1.2186,20828,81796,1.2072,19412,147178,1.2953,19129,142188,1.3144,19147,139882,1.3132,20828,81796,1.2072,19410,147178,1.2954,19129,142188,1.3144,19147,139882,1.3132,0.2556,0.3327,0.3228,0.3685
case_070,117300,58498,620710,2.0052,46894,431804,2.5014,35243,149508,3.3283,36542,482000,3.21,61182,0,1.9172,42174,127012,2.7813,32614,169988,3.5966,31350,236120,3.7416,61182,0,1.9172,42174,127012,2.7813,32221,169988,3.6405,31195,236120,3.7602,0.0,0.0974,0.0664,0.1376
case_071,18919,16041,95336,1.1794,17133,183472,1.1042,15664,93704,1.2078,15664,93704,1.2078,15653,32644,1.2087,14532,121354,1.3019,14446,148142,1.3096,14511,148430,1.3038,15653,32644,1.2087,14532,121354,1.3019,14308,148142,1.3223,14386,148430,1.3151,0.0238,0.295,0.1905,0.1975
case_072,23897828,11695100,303095340,2.0434,8033580,309839552,2.9747,6252010,310615314,3.8224,5702372,318488306,4.1909,12236930,258276370,1.9529,8229324,263146272,2.904,6535430,265418204,3.6567,5325567,276860140,4.4874,12229716,258276370,1.9541,8214821,263146272,2.9091,6516217,265418204,3.6674,5250832,276860140,4.5512,0.0267,0.0424,0.0459,0.0663
case_073,10081626,5357850,116154752,1.8817,4281638,117977344,2.3546,3395078,118620032,2.9695,3140220,117691776,3.2105,5251655,109517696,1.9197,4537178,110298368,2.222,3426381,114220160,2.9424,3228841,114704896,3.1224,5596119,109517696,1.8015,4537178,110298368,2.222,3078667,114220160,3.2747,3054512,114704896,3.3006,0.0184,0.0,0.2433,0.1112
case_074,1682239,962201,21098702,1.7483,729461,22401192,2.3061,592631,22610080,2.8386,516354,22257836,3.2579,851751,7057452,1.975,562644,15097968,2.9899,424364,15892596,3.9641,353869,12529812,4.7538,848352,7057452,1.9829,560948,15097968,2.9989,421621,15892596,3.9899,343889,12529812,4.8918,0.1945,0.212,0.2397,0.1687
case_075,1441809,1430875,759780,1.0076,1424164,1124624,1.0124,1436779,820292,1.0035,1426215,784096,1.0109,1441809,0,1.0,1435048,330474,1.0047,1435695,422866,1.0043,1424157,641078,1.0124,1441809,0,1.0,1435048,330474,1.0047,1435695,422866,1.0043,1424156,641078,1.0124,0.0,0.0042,0.0181,0.0565
case_076,6185113,3219372,141128724,1.9212,2656767,141915156,2.3281,2692143,143825940,2.2975,2186688,116413448,2.8285,3189330,113662988,1.9393,2291373,113924108,2.6993,2129807,116394000,2.9041,2167660,117122068,2.8534,3185737,113662988,1.9415,2263385,113924108,2.7327,2036329,116394000,3.0374,2031136,117122068,3.0451,0.0455,0.0832,0.0932,0.1114
case_077,495320,262991,1334248,1.8834,177162,1274880,2.7959,167115,1914134,2.9639,133984,2140414,3.6969,266439,131336,1.859,174306,255218,2.8417,155418,994662,3.187,147877,383148,3.3495,266248,131336,1.8604,174108,255218,2.8449,154877,994662,3.1982,147877,383148,3.3495,0.0257,0.0494,0.0653,0.0834
case_078,2296143,1080972,15039360,2.1241,814889,11864400,2.8177,658558,13334376,3.4866,598311,12589968,3.8377,1260358,12535344,1.8218,864282,14103288,2.6567,885235,11020272,2.5938,611581,13064784,3.7544,1260358,12535344,1.8218,794187,14103288,2.8912,880173,11020272,2.6087,631601,13064784,3.6354,0.0,0.285,0.0703,0.0342
case_079,31052251,14960291,289554432,2.0756,10209971,292491264,3.0414,8019463,289751040,3.8721,6892883,295352320,4.505,15455182,248526848,2.0092,10578620,252469248,2.9354,8100100,253452288,3.8336,6670021,258441216,4.6555,15452985,248526848,2.0095,10577202,252469248,2.9358,8092708,253452288,3.8371,6657149,258441216,4.6645,0.0204,0.0279,0.0372,0.0417
case_080,292138,145837,1708032,2.0032,104402,1904640,2.7982,133394,2875392,2.19,124675,3756032,2.3432,146688,667648,1.9916,101509,786432,2.878,110235,4476928,2.6501,118776,4804608,2.4596,146621,667648,1.9925,101509,786432,2.878,84678,4476928,3.45,83392,4804608,3.5032,0.0796,0.0091,0.3539,0.3658
case_081,151795,77767,550068,1.9519,65931,552116,2.3023,54884,871440,2.7657,48814,797704,3.1097,76163,549954,1.993,63265,431056,2.3994,44577,627526,3.4052,37421,254204,4.0564,76157,549954,1.9932,63265,431056,2.3994,42350,627526,3.5843,35983,254204,4.2185,0.34,0.2915,0.2964,0.1104
case_082,721041,711081,194060,1.014,693888,1397034,1.0391,642041,1581596,1.123,610422,1644828,1.1812,707929,110214,1.0185,709789,473386,1.0159,710997,59940,1.0141,576880,791666,1.2499,707928,110214,1.0185,709789,473386,1.0159,710997,59940,1.0141,576880,791666,1.2499,0.0576,0.0789,0.0002,0.1551
case_083,1057993,543161,11854624,1.9478,414806,12873024,2.5506,362747,13150976,2.9166,353652,14036320,2.9916,520029,9662560,2.0345,372322,10664128,2.8416,304030,11360288,3.4799,294345,12222336,3.5944,461454,9662560,2.2927,310845,10664128,3.4036,230513,11360288,4.5897,193551,12222336,5.4662,0.7442,0.8036,0.8182,0.8526
case_084,2507412,1257524,0,1.9939,856100,0,2.9289,644499,0,3.8905,521952,0,4.8039,1255052,0,1.9979,836220,0,2.9985,629028,0,3.9862,503472,0,4.9802,1255052,0,1.9979,836220,0,2.9985,629028,0,3.9862,503472,0,4.9802,0.0,0.0,0.0,0.0
case_085,3187899,3187899,0,1.0,3187899,0,1.0,3187899,0,1.0,3127931,2188476,1.0192,3170941,1221156,1.0053,3178298,675112,1.003,3182653,998450,1.0016,3150902,1493072,1.0117,3170941,1221156,1.0053,3178298,675112,1.003,3182653,998450,1.0016,3150853,1493072,1.0118,0.0557,0.0318,0.0701,0.0836
case_086,118403,112248,471538,1.0548,113289,574904,1.0451,106728,681034,1.1094,108756,709092,1.0887,110301,110310,1.0735,112510,135044,1.0524,97054,457490,1.22,97325,456848,1.2166,110300,110310,1.0735,112510,135044,1.0524,97052,457490,1.22,97211,456848,1.218,0.0536,0.1482,0.2057,0.1873
case_087,3974071,2209205,43808336,1.7989,1645050,48957166,2.4158,1472459,46230708,2.6989,1392358,46212708,2.8542,2879276,5962756,1.3802,1608474,34164160,2.4707,1136835,28270224,3.4957,1084504,28353178,3.6644,2877520,5962756,1.3811,1604304,34164160,2.4771,1135508,28270224,3.4998,1081420,28353178,3.6749,0.2912,0.1352,0.228,0.1942
case_088,243623,210543,772800,1.1571,212409,339740,1.147,209251,726594,1.1643,207993,316806,1.1713,222322,197738,1.0958,213551,8840,1.1408,227048,338576,1.073,197030,95170,1.2365,222322,197738,1.0958,213551,8840,1.1408,227048,338576,1.073,197030,95170,1.2365,0.0064,0.0001,0.0504,0.0386
case_089,693092,348359,1687424,1.9896,240004,4675616,2.8878,183151,1687424,3.7843,163995,4242792,4.2263,346832,238720,1.9984,239218,539904,2.8973,178030,716160,3.8931,147363,954880,4.7033,346832,238720,1.9984,239051,539904,2.8993,178030,716160,3.8931,147363,954880,4.7033,0.0,0.024,0.0,0.0
case_090,1178363,693694,21500016,1.6987,532184,21587400,2.2142,589042,21579336,2.0005,606887,18325656,1.9417,680364,17879496,1.732,513873,23049768,2.2931,531334,21558240,2.2177,510572,21316584,2.3079,624780,17879496,1.886,512749,23049768,2.2981,473275,21558240,2.4898,433429,21316584,2.7187,0.1439,0.2213,0.1615,0.2233
case_091,9186769,4621533,161811356,1.9878,3473013,171546168,2.6452,3315934,156645144,2.7705,3112581,151564952,2.9515,4620598,116576052,1.9882,3416091,131794540,2.6893,2526918,125769168,3.6356,2307711,118156148,3.9809,4604693,116576052,1.9951,3388454,131794540,2.7112,2493632,125769168,3.6841,2235358,118156148,4.1098,0.0705,0.1141,0.091,0.1548
case_092,4815554,2518211,55605184,1.9123,1818658,57827808,2.6479,1562489,59952032,3.082,1429647,59768672,3.3684,2468057,53514176,1.9512,1796804,52566048,2.6801,1472830,57246080,3.2696,1299120,55579840,3.7068,2126159,53514176,2.2649,1428632,52566048,3.3707,1104569,57246080,4.3597,875511,55579840,5.5003,0.8296,0.8388,0.7861,0.8096
case_093,74205,37531,212992,1.9772,25103,16384,2.956,21923,24576,3.3848,22959,30720,3.2321,37326,12288,1.988,25103,16384,2.956,22995,24576,3.227,17888,315392,4.1483,37326,12288,1.988,25103,16384,2.956,22995,24576,3.227,17584,315392,4.22,0.0105,0.0,0.0,0.0219
case_094,94892,48130,32256,1.9716,34345,32832,2.7629,28966,83520,3.276,28312,269604,3.3517,47775,87844,1.9862,31288,483104,3.0329,27788,180292,3.4149,22853,106500,4.1523,47775,87844,1.9862,31288,483104,3.0329,27730,180292,3.422,22568,106500,4.2047,0.0582,0.2416,0.1789,0.146
case_095,2084853,1050788,0,1.9841,702964,0,2.9658,531102,0,3.9255,427432,0,4.8776,1042890,0,1.9991,695775,0,2.9964,524422,0,3.9755,420852,0,4.9539,1042890,0,1.9991,695775,0,2.9964,524422,0,3.9755,420852,0,4.9539,0.0,0.0,0.0,0.0
case_096,84194,49727,118292,1.6931,37541,131088,2.2427,36500,455800,2.3067,28311,153680,2.9739,45492,0,1.8507,39766,10368,2.1172,35372,34820,2.3802,29222,135448,2.8812,45492,0,1.8507,39766,10368,2.1172,35372,34820,2.3802,29222,135448,2.8812,0.0,0.047,0.009,0.1246
case_097,11491509,5156692,11927552,2.2285,3875631,19920896,2.9651,2579804,11927552,4.4544,3423660,96665600,3.3565,5617602,11796480,2.0456,4045723,16973824,2.8404,2626908,14221312,4.3745,2583092,11370496,4.4487,5617602,11796480,2.0456,4041078,16973824,2.8437,2626908,14221312,4.3745,2583092,11370496,4.4487,0.0,0.2085,0.0417,0.0
case_098,177430,95100,0,1.8657,96358,266316,1.8414,95428,0,1.8593,95708,348272,1.8539,95116,0,1.8654,90741,8,1.9553,95428,0,1.8593,89840,0,1.975,95116,0,1.8654,90741,8,1.9553,95428,0,1.8593,89840,0,1.975,0.0,0.0,0.0,0.0
case_099,1622999,879078,26721292,1.8463,703649,27048972,2.3065,696528,27289100,2.3301,551301,27194376,2.9439,910689,15139848,1.7822,654276,15388168,2.4806,605166,15538700,2.6819,340774,14095364,4.7627,906026,15139848,1.7913,651922,15388168,2.4896,600725,15538700,2.7017,328759,14095364,4.9367,0.1599,0.2132,0.2255,0.4598
case_100,151223,77108,0,1.9612,77108,2048,1.9612,66690,1191328,2.2676,71647,461552,2.1107,77108,0,1.9612,70902,1032,2.1328,65277,96932,2.3166,66619,20528,2.27,77108,0,1.9612,70902,1032,2.1328,65277,96932,2.3166,66619,20528,2.27,0.0,0.0023,0.0686,0.0449
